#CHROM	POS	ID	REF	ALT	samples	
5	76147399	.	A	T	24Jvcf
5	76147459	.	A	T	25.1
5	76147466	.	A	T	25.1
5	76147475	.	C	T	49,28,14Jvcf,24Jvcf,10
5	76147486	.	T	G	33
5	76147487	.	A	G	33
5	76147488	.	A	G	33
5	76147496	.	C	G	28
5	76147497	.	G	A	8Jvcf
5	76147517	.	T	G	28
5	76147530	.	C	A	28
5	76147535	.	T	G	28
5	76147545	.	T	C	28,107,10
5	76147551	.	C	T	49,28,107,14Jvcf,8Jvcf,25.1,24Jvcf,27Jvcf,10
5	76147560	.	T	G	24Jvcf,27Jvcf
5	76147561	.	A	G	24Jvcf
5	76147562	.	T	G	24Jvcf,27Jvcf
5	76147575	.	C	T	28
5	76147603	.	T	G	24Jvcf,27Jvcf
5	76147609	.	T	G	27Jvcf
5	76147610	.	C	G	28,24Jvcf,27Jvcf
5	76147611	.	T	A	28
5	76147611	.	T	G	24Jvcf
5	76147612	.	A	G	27Jvcf
5	76147614	.	A	G	24Jvcf
5	76147624	.	T	C	107
5	76147632	.	C	T	28
5	76147635	.	C	G	28
5	76147648	.	T	G	28
5	76147658	.	T	C	107
5	76147660	.	C	G	28
5	76147663	.	A	G	28
5	76147664	.	T	C	27Jvcf
5	76147665	.	G	A	107
5	76147665	.	G	T	27Jvcf
5	76147666	.	A	G	28
5	76147668	.	C	T	8Jvcf
5	76147669	.	C	T	28,8Jvcf
5	76147676	.	T	G	28
5	76147695	.	T	G	28
5	76147707	.	T	C	107
5	76147708	.	G	C	107
5	76147709	.	G	C	107
5	76147713	.	T	G	24Jvcf
5	76147714	.	C	G	28
5	76147715	.	T	G	14Jvcf,24Jvcf
5	76147716	.	T	G	14Jvcf,24Jvcf
5	76147718	.	T	G	28,24Jvcf
5	76147723	.	T	G	14Jvcf
5	76147726	.	C	A	107
5	76147744	.	T	A	107
5	76147748	.	T	G	107
5	76147755	.	C	G	107
5	76147801	.	A	T	25.1
5	76147803	.	T	G	25.1
5	76147854	.	A	G	28,24Jvcf,27Jvcf
