Relative_Pos	Chr	Genomic_Pos	REF	ALT	Samples
-15795171	11	6098	C	T	13,9
-15795155	11	6114	C	T	9
-15795140	11	6129	T	C	9
-15795135	11	6134	A	G	1d,7
-15795131	11	6138	C	T	6
-15795130	11	6139	T	G	6
-15795119	11	6150	T	C	9
-15795117	11	6152	C	T	11
-15795112	11	6157	C	T	13
-15795105	11	6164	A	T	11
-15795101	11	6168	A	C	26
-15795085	11	6184	C	G	16
-15795065	11	6204	T	G	16
-15795064	11	6205	G	T	9
-15795063	11	6206	G	C	5,50
-15795054	11	6215	A	C	26
-15795053	11	6216	C	T	26
-15795034	11	6235	T	A	5,50
-15795028	11	6241	T	G	5,50
-15795015	11	6254	C	G	5,50
-15795012	11	6257	C	T	5,50
-15794998	11	6271	A	G	5,50
-15794967	11	6302	T	C	5,50
-15794954	11	6315	G	T	5,50
-15794923	11	6346	G	A	11
-15794923	11	6346	G	T	5,50
-15794895	11	6374	C	T	5,50
-15794894	11	6375	T	G	5,50
-15794845	11	6424	G	A	5,50
-15794791	11	6478	C	T	12
-15794779	11	6490	C	G	4,9
-15794778	11	6491	C	G	12,1d,7,M
-15794770	11	6499	C	T	16,1d,26,29,8,M
-15794757	11	6512	C	T	11,4
-15794741	11	6528	G	C	5,50
-15794727	11	6542	G	A	12,9,M
-15794708	11	6561	G	T	11,12,4,M
-15794700	11	6569	A	G	12,26,9
-15794693	11	6576	G	A	16,1d,26,8,M
-15794693	11	6576	G	C	9
-15794688	11	6581	G	C	11,26,4,6,8,9,M
-15794683	11	6586	A	C	3d
-15794674	11	6595	C	T	5,50
-15794667	11	6602	A	T	13
-15794666	11	6603	A	C	3d,4
-15794666	11	6603	A	T	13
-15794660	11	6609	G	T	13
-15794652	11	6617	G	C	26
-15794651	11	6618	A	C	26
-15794645	11	6624	A	C	3d,7
-15794645	11	6624	A	T	26
-15794627	11	6642	A	G	12,4
-15794625	11	6644	T	A	13
-15794623	11	6646	G	T	26
-15794622	11	6647	T	A	1d
-15794621	11	6648	T	C	1d
-15794620	11	6649	G	A	1d
-15794619	11	6650	T	A	10,11,12,3d,4,9,M
-15794618	11	6651	T	A	1d
-15794617	11	6652	C	A	16
-15794615	11	6654	A	C	3d
-15794614	11	6655	T	G	3d
-15794608	11	6661	T	G	12,M
-15794606	11	6663	A	C	11,12,4
-15794605	11	6664	G	T	3d
-15794603	11	6666	T	C	M
-15794600	11	6669	G	T	M
-15794589	11	6680	T	G	26,9
-15794578	11	6691	T	C	4
-15794578	11	6691	T	G	5,50
-15794576	11	6693	G	A	13
-15794576	11	6693	G	T	M
-15794571	11	6698	C	A	13
-15794570	11	6699	T	C	M
-15794560	11	6709	C	A	10,11,16,4
-15794548	11	6721	C	T	9
-15794543	11	6726	T	A	10
